{
    "开始唤醒": {
        "action": "StartApp",
        "package": "com.huanmeng.zhanjian2/com.unity3d.player.UnityPlayerActivity",
        "post_delay": 5000,
        "next": [
            "打开游戏"
        ]
    },
    "打开游戏": {
        "timeout": 300000,
        "next": [
            "游戏更新",
            "进入游戏",
            "退出公告",
            "登录奖励",
            "小长春的赠礼",
            "结束开始唤醒"
        ],
        "interrupt": [
            "退出",
            "重新连接"
        ]
    },
    "游戏更新": {
        "recognition": "OCR",
        "expected": "有新的内容需要更新",
        "roi": [366,223,572,255],
        "action": "DoNothing",
        "next": [
            "更新确认"
        ]
    },
    "更新确认": {
        "recognition": "OCR",
        "expected": "确认",
        "roi": [366,223,572,255],
        "action": "Click",
        "timeout": 300000,
        "next": [
            "进入游戏"
        ]
    },
    "进入游戏": {
        "recognition": "TemplateMatch",
        "template": "进入游戏.png",
        "action": "Click",
        "timeout": 300000,
        "next": [
            "退出公告",
            "登录奖励",
            "小长春的赠礼",
            "主界面",
            "结束开始唤醒"
        ]
    },
    "主界面": {
        "recognition": "TemplateMatch",
        "template": "出征2.png",
        "action": "Click",
        "green_mask": true,
        "next": [
            "退出主界面"
        ]
    },
    "退出主界面": {
        "recognition": "TemplateMatch",
        "template": "退出.png",
        "action": "Click",
        "green_mask": true,
        "next": [
            "退出公告",
            "登录奖励",
            "小长春的赠礼",
            "结束开始唤醒"
        ]
    },
    "退出公告": {
        "recognition": "TemplateMatch",
        "template": "退出公告.png",
        "action": "Click",
        "green_mask": true,
        "next": [
            "登录奖励",
            "小长春的赠礼",
            "结束开始唤醒"
        ]
    },
    "登录奖励": {
        "recognition": "TemplateMatch",
        "template": "领取奖励.png",
        "action": "Click",
        "next": [
            "确认领取登录奖励"
        ]
    },
    "确认领取登录奖励": {
        "recognition": "TemplateMatch",
        "template": "确认签到.png",
        "action": "Click",
        "next": [
            "小长春的赠礼",
            "结束开始唤醒"
        ]
    },
    "小长春的赠礼": {
        "recognition": "TemplateMatch",
        "template": "立即领取.png",
        "action": "Click",
        "next": [
            "确认领取小长春的赠礼"
        ]
    },
    "确认领取小长春的赠礼": {
        "recognition": "TemplateMatch",
        "template": "确认谢礼.png",
        "action": "Click",
        "next": [
            "关闭小长春的赠礼"
        ]
    },
    "关闭小长春的赠礼": {
        "recognition": "TemplateMatch",
        "template": "关闭谢礼.png",
        "action": "Click",
        "green_mask": true,
        "next": [
            "结束开始唤醒"
        ]
    },
    "结束开始唤醒": {
        "recognition": "TemplateMatch",
        "template": "出征2.png",
        "action": "DoNothing",
        "green_mask": true
    }
}