{
    "刷活动": {
        "action": "DoNothing",
        "next": [
            "出击准备",
            "活动自动补给",
            "活动开始出征"
        ]
    },
    "出击准备": {
        "recognition": "TemplateMatch",
        "template": "出击准备.png",
        "action": "Click",
        "post_wait_freezes": 1000,
        "next": [
            "活动编队",
            "活动自动补给",
            "活动开始出征"
        ]
    },
    "活动自动补给": {
        "recognition": "TemplateMatch",
        "template": "对号.png",
        "inverse": true,
        "post_wait_freezes": 1000,
        "action": "Click",
        "target": [56,661,21,22],
        "next": [
            "活动开始出征"
        ]
    },
    "活动编队": {
        "recognition": "TemplateMatch",
        "template": "队.png",
        "post_wait_freezes": 1000,
        "order": "Score",
        "threshold": 0.95,
        "action": "Click",
        "next": [
            "活动自动补给",
            "活动开始出征"
        ]
    },
    "活动开始出征": {
        "recognition": "TemplateMatch",
        "template": "开始出征.png",
        "action": "Click",
        "post_wait_freezes": 2000,
        "next": [
            "活动开始战斗",
            "活动阵型",
            "活动取消",
            "活动船舱满"
        ],
        "timeout": 30000,
        "on_error": [
            "自动修船"
        ]
    },
    "活动船舱满": {
        "recognition": "TemplateMatch",
        "template": "关闭船舱满提醒.png",
        "action": "Click",
        "next": [
            "退出活动"
        ]
    },
    "退出活动": {
        "recognition": "TemplateMatch",
        "template": "退出.png",
        "action": "Click"
    },
    "活动取消": {
        "recognition": "TemplateMatch",
        "template": "出击取消.png",
        "action": "Click",
        "next": [
            "自动修船"
        ]
    },
    "活动修理": {
        "recognition": "TemplateMatch",
        "template": "开始出征.png",
        "action": "Click",
        "next": [
            "活动前进",
            "活动船舱满"
        ],
        "timeout": 30000,
        "on_error": [
            "退出活动"
        ]
    },
    "活动开始战斗": {
        "recognition": "TemplateMatch",
        "template": "开始战斗.png",
        "action": "Click",
        "next": [
            "活动阵型"
        ]
    },
    "活动阵型": {
        "recognition": "OCR",
        "expected": [
            "复纵阵"
        ],
        "roi": [702,99,560,612],
        "action": "Click",
        "timeout": 90000,
        "next": [
            "活动追击",
            "活动点击继续"
        ]
    },
    "活动追击": {
        "recognition": "TemplateMatch",
        "template": "追击.png",
        "action": "Click",
        "post_wait_freezes": 5000,
        "timeout": 90000,
        "next": [
            "活动点击继续"
        ]
    },
    "活动点击继续": {
        "recognition": "TemplateMatch",
        "template": "点击继续.png",
        "action": "Click",
        "post_wait_freezes": 1000,
        "next": [
            "活动再点继续"
        ]
    },
    "活动再点继续": {
        "action": "Click",
        "target": "炸鱼点击继续",
        "next": [
            "活动舰队补给",
            "活动大破回港",
            "活动次数",
            "活动再点继续"
        ]
    },
    "活动舰队补给": {
        "recognition": "TemplateMatch",
        "template": "舰队补给.png",
        "action": "DoNothing",
        "post_wait_freezes": 1000,
        "next": [
            "活动回港"
        ]
    },
    "活动回港": {
        "recognition": "TemplateMatch",
        "template": "回港.png",
        "action": "Click",
        "post_wait_freezes": 1000,
        "next": [
            "活动次数"
        ]
    },
    "活动大破回港": {
        "recognition": "TemplateMatch",
        "template": "大破回港.png",
        "post_wait_freezes": 1000,
        "action": "Click",
        "next": [
            "活动次数"
        ]
    },
    "活动大破检测": {
        "recognition": "TemplateMatch",
        "template": "大破提醒.png",
        "post_wait_freezes": 1000,
        "action": "DoNothing",
        "next": [
            "活动回港"
        ]
    },
    "活动前进": {
        "recognition": "TemplateMatch",
        "template": "前进.png",
        "post_wait_freezes": 1000,
        "action": "Click",
        "next": [
            "活动开始战斗",
            "活动阵型"
        ]
    },
    "活动次数": {
        "recognition": "TemplateMatch",
        "template": "出击准备.png",
        "action": "DoNothing",
        "post_wait_freezes": 1000,
        "next": [
            "出击准备"
        ]
    }
}