{
    "开始出征": {
        "next": [
            "进入关卡",
            "点击出征",
            "导航前"
        ],
        "interrupt": [
            "重新连接",
            "退出"
        ]
    },
    "点击出征": {
        "recognition": "TemplateMatch",
        "template": "出征2.png",
        "action": "Click",
        "green_mask": true,
        "next": [
            "出征",
            "开始导航"
        ]
    },
    "出征": {
        "recognition": "TemplateMatch",
        "template": "出征1.png",
        "action": "Click",
        "threshold": 0.9,
        "next": [
            "开始导航"
        ]
    },
    "导航前": {
        "recognition": "OCR",
        "expected": "第[一|二|三|四|五|六|七|八|九]章",
        "roi": [44,369,105,52],
        "action": "DoNothing",
        "next": [
            "开始导航"
        ]
    },
    "开始导航": {
        "action": "DoNothing"
    },
    "找关卡": {
        "action": "DoNothing"
    },
    "第一章": {
        "recognition": "OCR",
        "expected": "第一章",
        "roi": [44,369,105,52],
        "action": "DoNothing",
        "next": [
            "找关卡"
        ]
    },
    "第二章": {
        "recognition": "OCR",
        "expected": "第二章",
        "roi": [44,369,105,52],
        "action": "DoNothing",
        "next": [
            "找关卡"
        ]
    },
    "第三章": {
        "recognition": "OCR",
        "expected": "第三章",
        "roi": [44,369,105,52],
        "action": "DoNothing",
        "next": [
            "找关卡"
        ]
    },
    "第四章": {
        "recognition": "OCR",
        "expected": "第四章",
        "roi": [44,369,105,52],
        "action": "DoNothing",
        "next": [
            "找关卡"
        ]
    },
    "第五章": {
        "recognition": "OCR",
        "expected": "第五章",
        "roi": [44,369,105,52],
        "action": "DoNothing",
        "next": [
            "找关卡"
        ]
    },
    "第六章": {
        "recognition": "OCR",
        "expected": "第六章",
        "roi": [44,369,105,52],
        "action": "DoNothing",
        "next": [
            "找关卡"
        ]
    },
    "第七章": {
        "recognition": "OCR",
        "expected": "第七章",
        "roi": [44,369,105,52],
        "action": "DoNothing",
        "next": [
            "找关卡"
        ]
    },
    "第八章": {
        "recognition": "OCR",
        "expected": "第八章",
        "roi": [44,369,105,52],
        "action": "DoNothing",
        "next": [
            "找关卡"
        ]
    },
    "第九章": {
        "recognition": "OCR",
        "expected": "第九章",
        "roi": [44,369,105,52],
        "action": "DoNothing",
        "next": [
            "找关卡"
        ]
    },
    "1到2": {
        "recognition": "OCR",
        "expected": "第二章",
        "roi": [68,457,102,53],
        "action": "Click"
    },
    "2到3": {
        "recognition": "OCR",
        "expected": "第三章",
        "roi": [68,457,102,53],
        "action": "Click"
    },
    "3到4": {
        "recognition": "OCR",
        "expected": "第四章",
        "roi": [68,457,102,53],
        "action": "Click"
    },
    "4到5": {
        "recognition": "OCR",
        "expected": "第五章",
        "roi": [68,457,102,53],
        "action": "Click"
    },
    "5到6": {
        "recognition": "OCR",
        "expected": "第六章",
        "roi": [68,457,102,53],
        "action": "Click"
    },
    "6到7": {
        "recognition": "OCR",
        "expected": "第七章",
        "roi": [68,457,102,53],
        "action": "Click"
    },
    "7到8": {
        "recognition": "OCR",
        "expected": "第八章",
        "roi": [68,457,102,53],
        "action": "Click"
    },
    "8到9": {
        "recognition": "OCR",
        "expected": "第九章",
        "roi": [68,457,102,53],
        "action": "Click"
    },
    "9到8": {
        "recognition": "OCR",
        "expected": "第八章",
        "roi": [77,293,88,40],
        "action": "Click"
    },
    "8到7": {
        "recognition": "OCR",
        "expected": "第七章",
        "roi": [77,293,88,40],
        "action": "Click"
    },
    "7到6": {
        "recognition": "OCR",
        "expected": "第六章",
        "roi": [77,293,88,40],
        "action": "Click"
    },
    "6到5": {
        "recognition": "OCR",
        "expected": "第五章",
        "roi": [77,293,88,40],
        "action": "Click"
    },
    "5到4": {
        "recognition": "OCR",
        "expected": "第四章",
        "roi": [77,293,88,40],
        "action": "Click"
    },
    "4到3": {
        "recognition": "OCR",
        "expected": "第三章",
        "roi": [77,293,88,40],
        "action": "Click"
    },
    "3到2": {
        "recognition": "OCR",
        "expected": "第二章",
        "roi": [77,293,88,40],
        "action": "Click"
    },
    "2到1": {
        "recognition": "OCR",
        "expected": "第一章",
        "roi": [77,293,88,40],
        "action": "Click"
    },
    "X-1": {
        "recognition": "OCR",
        "expected": "\\d+-1",
        "roi": [933,122,207,40],
        "action": "Swipe",
        "begin": [1000,250,50,50],
        "end": [500,250,50,50]
    },
    "X-2右": {
        "recognition": "OCR",
        "expected": "\\d+-2",
        "roi": [933,122,207,40],
        "action": "Swipe",
        "begin": [1000,250,50,50],
        "end": [500,250,50,50]
    },
    "X-2左": {
        "recognition": "OCR",
        "expected": "\\d+-2",
        "roi": [933,122,207,40],
        "action": "Swipe",
        "begin": [500,250,50,50],
        "end": [1000,250,50,50]
    },
    "X-3右": {
        "recognition": "OCR",
        "expected": "\\d+-3",
        "roi": [933,122,207,40],
        "action": "Swipe",
        "begin": [1000,250,50,50],
        "end": [500,250,50,50]
    },
    "X-3左": {
        "recognition": "OCR",
        "expected": "\\d+-3",
        "roi": [933,122,207,40],
        "action": "Swipe",
        "begin": [500,250,50,50],
        "end": [1000,250,50,50]
    },
    "X-4右": {
        "recognition": "OCR",
        "expected": "\\d+-4",
        "roi": [933,122,207,40],
        "action": "Swipe",
        "begin": [1000,250,50,50],
        "end": [500,250,50,50]
    },
    "X-4左": {
        "recognition": "OCR",
        "expected": "\\d+-4",
        "roi": [933,122,207,40],
        "action": "Swipe",
        "begin": [500,250,50,50],
        "end": [1000,250,50,50]
    },
    "X-5右": {
        "recognition": "OCR",
        "expected": "\\d+-5",
        "roi": [933,122,207,40],
        "action": "Swipe",
        "begin": [1000,250,50,50],
        "end": [500,250,50,50]
    },
    "X-5左": {
        "recognition": "OCR",
        "expected": "\\d+-5",
        "roi": [933,122,207,40],
        "action": "Swipe",
        "begin": [500,250,50,50],
        "end": [1000,250,50,50]
    },
    "X-6": {
        "recognition": "OCR",
        "expected": "\\d+-6",
        "roi": [933,122,207,40],
        "action": "Swipe",
        "begin": [500,250,50,50],
        "end": [1000,250,50,50]
    }
}