{
    "狗粮1-1": {
        "recognition": "TemplateMatch",
        "template": "1-1.png",
        "action": "Click",
        "target": [1000,250,50,50],
        "next": [
            "狗粮编队",
            "狗粮自动补给",
            "换狗粮检测"
        ]
    },
    "狗粮编队": {
        "recognition": "TemplateMatch",
        "template": "4队.png",
        "order": "Score",
        "threshold": 0.95,
        "action": "Click",
        "next": [
            "狗粮自动补给",
            "换狗粮检测"
        ]
    },
    "狗粮自动补给": {
        "recognition": "TemplateMatch",
        "template": "对号.png",
        "action": "Click",
        "target": [56,661,21,22],
        "next": [
            "换狗粮检测"
        ]
    },
    "换狗粮检测": {
        "action": "DoNothing",
        "post_wait_freezes": 0,
        "next": [
            "狗粮编队检测",
            "换狗粮"
        ]
    },
    "换狗粮": {
        "action": "Click",
        "target": [89,203,76,258],
        "next": [
            "点离队",
            "点星星",
            "点排序"
        ]
    },
    "点离队": {
        "recognition": "TemplateMatch",
        "template": "离队.png",
        "action": "Click",
        "next": [
            "换狗粮"
        ]
    },
    "点星星": {
        "recognition": "TemplateMatch",
        "template": "星星.png",
        "action": "Click",
        "next": [
            "点排序"
        ]
    },
    "点排序": {
        "recognition": "TemplateMatch",
        "template": "排列顺序.png",
        "order": "Score",
        "threshold": 0.95,
        "action": "Click",
        "next": [
            "点获得时间",
            "点排序确定"
        ]
    },
    "点获得时间": {
        "recognition": "TemplateMatch",
        "template": "获得时间.png",
        "order": "Score",
        "threshold": 0.95,
        "action": "Click",
        "next": [
            "点排序确定"
        ]
    },
    "点排序确定": {
        "recognition": "TemplateMatch",
        "template": "排序确定.png",
        "action": "Click",
        "next": [
            "点类型"
        ]
    },
    "点类型": {
        "recognition": "TemplateMatch",
        "template": "类型.png",
        "order": "Score",
        "threshold": 0.95,
        "action": "Click",
        "next": [
            "点护卫",
            "点类型确定"
        ]
    },
    "点护卫": {
        "recognition": "TemplateMatch",
        "template": "护卫.png",
        "order": "Score",
        "threshold": 0.95,
        "action": "Click",
        "next": [
            "点类型确定"
        ]
    },
    "点类型确定": {
        "recognition": "TemplateMatch",
        "template": "排序确定.png",
        "action": "Click",
        "next": [
            "点狗粮"
        ]
    },
    "点狗粮": {
        "action": "Click",
        "target": [83,138,73,202],
        "next": [
            "换人检测",
            "换人大破检测",
            "狗粮开始出征"
        ]
    },
    "狗粮编队检测": {
        "recognition": "TemplateMatch",
        "template": "狗粮编队检测.png",
        "action": "DoNothing",
        "post_wait_freezes": 0,
        "order": "Score",
        "threshold": 0.95,
        "next": [
            "狗粮编队检测2",
            "换狗粮"
        ]
    },
    "狗粮编队检测2": {
        "recognition": "TemplateMatch",
        "template": "添加舰船.png",
        "inverse": true,
        "action": "DoNothing",
        "roi": [26,136,219,415],
        "post_wait_freezes": 0,
        "next": [
            "换人检测",
            "换人大破检测",
            "狗粮开始出征"
        ]
    },
    "换人检测": {
        "recognition": "ColorMatch",
        "roi": [59,423,141,92],
        "lower": [233,172,25],
        "upper": [237,182,52],
        "action": "Click",
        "next": [
            "点星星2",
            "点排序2"
        ]
    },
    "换人大破检测": {
        "recognition": "ColorMatch",
        "roi": [59,423,141,92],
        "lower": [225,86,32],
        "upper": [229,106,57],
        "action": "Click",
        "next": [
            "点星星2",
            "点排序2"
        ]
    },
    "点星星2": {
        "recognition": "TemplateMatch",
        "template": "星星.png",
        "action": "Click",
        "next": [
            "点排序2"
        ]
    },
    "点排序2": {
        "recognition": "TemplateMatch",
        "template": "排列顺序.png",
        "order": "Score",
        "threshold": 0.95,
        "action": "Click",
        "next": [
            "点获得时间2",
            "点排序确定2"
        ]
    },
    "点获得时间2": {
        "recognition": "TemplateMatch",
        "template": "获得时间.png",
        "order": "Score",
        "threshold": 0.95,
        "action": "Click",
        "next": [
            "点排序确定2"
        ]
    },
    "点排序确定2": {
        "recognition": "TemplateMatch",
        "template": "排序确定.png",
        "action": "Click",
        "next": [
            "点狗粮2"
        ]
    },
    "点狗粮2": {
        "action": "Click",
        "target": [225,134,72,195],
        "next": [
            "换人检测2",
            "换人大破检测2",
            "狗粮开始出征"
        ]
    },
    "换人检测2": {
        "recognition": "ColorMatch",
        "roi": [59,423,141,92],
        "lower": [233,172,25],
        "upper": [237,182,52],
        "action": "Click",
        "next": [
            "狗粮不满足出征要求"
        ],
        "focus": true,
        "focus_tip": "新获得舰船不满足出征要求，结束任务",
        "focus_tip_color": "Red"
    },
    "换人大破检测2": {
        "recognition": "ColorMatch",
        "roi": [59,423,141,92],
        "lower": [225,86,32],
        "upper": [229,106,57],
        "action": "Click",
        "next": [
            "狗粮不满足出征要求"
        ],
        "focus": true,
        "focus_tip": "新获得舰船不满足出征要求，结束任务",
        "focus_tip_color": "Red"
    },
    "狗粮不满足出征要求": {
        "recognition": "TemplateMatch",
        "template": "退出.png",
        "action": "Click",
        "green_mask": true,
        "next": [
            "任务结束"
        ]
    },
    "狗粮开始出征": {
        "recognition": "TemplateMatch",
        "template": "开始出征.png",
        "action": "Click",
        "timeout": 90000,
        "post_wait_freezes": 0,
        "next": [
            "狗粮开始战斗",
            "狗粮追击",
            "狗粮船舱满",
            "狗粮点击继续"
        ]
    },
    "狗粮船舱满": {
        "recognition": "TemplateMatch",
        "template": "关闭船舱满提醒.png",
        "action": "Click",
        "post_wait_freezes": 0,
        "next": [
            "退出狗粮"
        ],
        "focus": true,
        "focus_tip": "船舱已满",
        "focus_tip_color": "Red"
    },
    "退出狗粮": {
        "recognition": "TemplateMatch",
        "template": "退出.png",
        "action": "Click",
        "green_mask": true,
        "post_wait_freezes": 0,
        "next": [
            "任务结束"
        ]
    },
    "狗粮开始战斗": {
        "recognition": "TemplateMatch",
        "template": "开始战斗.png",
        "action": "Click",
        "timeout": 90000,
        "post_wait_freezes": 0,
        "next": [
            "狗粮追击",
            "狗粮点击继续"
        ]
    },
    "狗粮追击": {
        "recognition": "TemplateMatch",
        "template": "追击.png",
        "action": "Click",
        "timeout": 90000,
        "next": [
            "狗粮点击继续"
        ]
    },
    "狗粮点击继续": {
        "recognition": "TemplateMatch",
        "template": "点击继续.png",
        "action": "Click",
        "next": [
            "狗粮再点继续"
        ]
    },
    "狗粮再点继续": {
        "action": "Click",
        "target": "狗粮点击继续",
        "next": [
            "狗粮大破回港",
            "狗粮回港",
            "狗粮再点继续"
        ]
    },
    "狗粮回港": {
        "recognition": "TemplateMatch",
        "template": "回港.png",
        "action": "Click",
        "next": [
            "狗粮回到关卡"
        ]
    },
    "狗粮大破回港": {
        "recognition": "TemplateMatch",
        "template": "大破回港.png",
        "action": "Click",
        "next": [
            "狗粮回到关卡"
        ]
    },
    "狗粮回到关卡": {
        "recognition": "OCR",
        "expected": "第[一|二|三|四|五|六|七|八|九]章",
        "roi": [44,369,105,52],
        "action": "DoNothing",
        "next": [
            "狗粮检测刷满",
            "狗粮继续",
            "无动作结束"
        ]
    },
    "狗粮继续": {
        "action": "DoNothing",
        "post_wait_freezes": 0,
        "next": [
            "狗粮1-1"
        ]
    },
    "狗粮检测刷满": {
        "recognition": "OCR",
        "expected": "^500/500$",
        "roi": [1153,19,89,30],
        "action": "DoNothing",
        "next": [
            "任务结束"
        ],
        "focus": true,
        "focus_tip": "今日捞船已达上限",
        "focus_tip_color": "Red"
    }
}