{
    "开始自动远征": {
        "next": [
            "退出远征",
            "自动收远征"
        ],
        "on_error": [
            "结束远征"
        ]
    },
    "点击出征2": {
        "recognition": "TemplateMatch",
        "template": "出征.png",
        "action": "Click",
        "green_mask": true,
        "post_wait_freezes": 1000,
        "next": [
            "远征收获奖励",
            "点击出征3",
            "等待远征"
        ]
    },
    "点击出征3": {
        "recognition": "TemplateMatch",
        "template": "出征1.png",
        "action": "Click",
        "threshold": [0.9],
        "post_wait_freezes": 1000,
        "next": [
            "点击远征",
            "等待远征"
        ]
    },
    "等待远征": {
        "next": [
            "退出远征2"
        ],
        "post_delay": 60000,
        "post_wait_freezes": 0,
        "timeout": 3600000,
        "on_error": [
            "退出远征3"
        ]
    },
    "自动收远征": {
        "recognition": "TemplateMatch",
        "template": "出征.png",
        "action": "Click",
        "post_wait_freezes": 1000,
        "green_mask": true,
        "next": [
            "点击远征",
            "远征收获奖励",
            "退出远征"
        ]
    },
    "点击远征": {
        "recognition": "TemplateMatch",
        "template": ["远征.png"],
        "threshold": [0.9],
        "post_wait_freezes": 1000,
        "action": "Click",
        "next": [
            "远征收获奖励",
            "退出远征"
        ]
    },
    "远征收获奖励": {
        "recognition": "TemplateMatch",
        "template": "远征收获奖励.png",
        "action": "Click",
        "post_wait_freezes": 1000,
        "next": [
            "继续远征"
        ]
    },
    "继续远征": {
        "recognition": "TemplateMatch",
        "template": "远征继续.png",
        "action": "Click",
        "post_wait_freezes": 1000,
        "next": [
            "确认远征"
        ]
    },
    "确认远征": {
        "recognition": "TemplateMatch",
        "template": "远征确认.png",
        "action": "Click",
        "post_wait_freezes": 1000,
        "next": [
            "远征收获奖励",
            "退出远征"
        ]
    },
    "退出远征": {
        "recognition": "TemplateMatch",
        "template": "退出.png",
        "action": "Click",
        "green_mask": true,
        "post_wait_freezes": 1000,
        "next": [
            "退出远征",
            "结束远征"
        ]
    },
    "退出远征2": {
        "recognition": "TemplateMatch",
        "template": "退出.png",
        "action": "Click",
        "green_mask": true,
        "next": [
            "退出远征2",
            "点击出征2"
        ]
    },
    "退出远征3": {
        "action": "DoNothing",
        "next": [
            "退出远征2"
        ]
    },
    "结束远征": {
        "action": "DoNothing"
    }
}