{
    "开始自动战役": {
        "next": [
            "自动战役",
            "退出战役",
            "结束战役"
        ]
    },
    "自动战役": {
        "recognition": "TemplateMatch",
        "template": "出征2.png",
        "action": "Click",
        "green_mask": true,
        "next": [
            "点击战役",
            "普通难度",
            "困难难度"
        ]
    },
    "点击战役": {
        "recognition": "TemplateMatch",
        "template": "战役.png",
        "action": "Click",
        "threshold": 0.9,
        "next": [
            "普通难度",
            "困难难度"
        ]
    },
    "困难难度": {
        "recognition": "TemplateMatch",
        "template": "困难难度.png",
        "action": "Click",
        "next": [
            "战役次数",
            "选择战役"
        ]
    },
    "普通难度": {
        "recognition": "TemplateMatch",
        "template": "普通难度.png",
        "action": "DoNothing",
        "next": [
            "战役次数",
            "选择战役"
        ]
    },
    "选择战役": {
        "recognition": "OCR",
        "expected": [
            "驱逐改造核心",
            "纳尔维克海战"
        ],
        "roi": [29,541,1219,89],
        "action": "Click",
        "next": [
            "战役确认",
            "战役自动补给"
        ]
    },
    "战役自动补给": {
        "action": "Click",
        "target": [56,661,21,22],
        "next": [
            "战役确认",
            "战役自动补给"
        ]
    },
    "战役确认": {
        "recognition": "TemplateMatch",
        "template": "对号.png",
        "action": "DoNothing",
        "post_wait_freezes": 0,
        "next": [
            "战役修理检测大破",
            "战役修理检测中破",
            "战役开始出征"
        ]
    },
    "战役修理检测大破": {
        "recognition": "ColorMatch",
        "roi": [60,423,888,11],
        "lower": [225,86,32],
        "upper": [229,106,57],
        "action": "DoNothing",
        "next": [
            "自动修船"
        ],
        "focus": true,
        "focus_tip": "检测到大破舰船",
        "focus_tip_color": "Red"
    },
    "战役修理检测中破": {
        "recognition": "ColorMatch",
        "roi": [60,423,888,11],
        "lower": [233,172,25],
        "upper": [237,182,52],
        "action": "DoNothing",
        "next": [
            "自动修船"
        ],
        "focus": true,
        "focus_tip": "检测到中破舰船",
        "focus_tip_color": "Red"
    },
    "战役开始出征": {
        "recognition": "TemplateMatch",
        "template": "开始出征.png",
        "action": "Click",
        "post_wait_freezes": 0,
        "next": [
            "战役开始战斗",
            "战役阵型",
            "战役点击继续"
        ],
        "interrupt": [
            "战斗追击",
            "重新连接"
        ],
        "timeout": 60000,
        "focus": true,
        "focus_tip": "开始出征"
    },
    "战役开始战斗": {
        "recognition": "TemplateMatch",
        "template": "开始战斗.png",
        "action": "Click",
        "post_wait_freezes": 0,
        "next": [
            "战役阵型",
            "战役点击继续"
        ],
        "interrupt": [
            "战斗追击",
            "重新连接"
        ],
        "timeout": 90000
    },
    "战役阵型": {
        "recognition": "OCR",
        "expected": [
            "复纵阵"
        ],
        "roi": [702,99,560,612],
        "action": "Click",
        "timeout": 90000,
        "post_wait_freezes": 0,
        "next": [
            "战役点击继续"
        ],
        "interrupt": [
            "战斗追击",
            "重新连接"
        ]
    },
    "战役点击继续": {
        "recognition": "TemplateMatch",
        "template": "点击继续.png",
        "action": "Click",
        "next": [
            "战役再点继续"
        ]
    },
    "战役再点继续": {
        "action": "Click",
        "target": "战役点击继续",
        "next": [
            "战役次数",
            "选择战役",
            "战役再点继续"
        ]
    },
    "战役次数": {
        "recognition": "OCR",
        "expected": [
            "^0/8$",
            "^0/12$"
        ],
        "roi": [29,541,1219,89],
        "action": "DoNothing",
        "next": [
            "结束战役"
        ]
    },
    "退出战役": {
        "recognition": "TemplateMatch",
        "template": "退出.png",
        "action": "Click",
        "green_mask": true,
        "next": [
            "开始自动战役"
        ]
    },
    "结束战役": {
        "action": "DoNothing"
    }
}