{
    "开始自动演习": {
        "post_wait_freezes": 1000,
        "next": [
            "自动演习",
            "退出演习",
            "结束演习"
        ]
    },
    "自动演习": {
        "recognition": "TemplateMatch",
        "template": "出征2.png",
        "action": "Click",
        "green_mask": true,
        "post_wait_freezes": 1000,
        "next": [
            "点击演习"
        ]
    },
    "点击演习": {
        "recognition": "TemplateMatch",
        "template": "演习.png",
        "action": "Click",
        "threshold": 0.9,
        "post_wait_freezes": 1000,
        "next": [
            "演习向下滑"
        ]
    },
    "演习向下滑": {
        "action": "Swipe",
        "begin": [1220,500,1,1],
        "end": [1220,200,1,1],
        "post_wait_freezes": 1000,
        "next": [
            "演习挑战",
            "演习向上滑"
        ]
    },
    "演习向上滑": {
        "action": "Swipe",
        "begin": [1220,200,1,1],
        "end": [1220,500,1,1],
        "post_wait_freezes": 1000,
        "next": [
            "演习挑战2",
            "演习退出"
        ]
    },
    "演习退出": {
        "recognition": "TemplateMatch",
        "template": "退出.png",
        "action": "Click",
        "green_mask": true
    },
    "演习挑战": {
        "recognition": "TemplateMatch",
        "template": "演习挑战.png",
        "action": "Click",
        "order_by": "Vertical",
        "roi": [986,71,202,600],
        "index": 0,
        "post_wait_freezes": 1000,
        "next": [
            "演习识别舰船",
            "演习开始挑战"
        ]
    },
    "演习识别舰船": {
        "recognition": "OCR",
        "roi": [365,412,790,28],
        "expected": [
            "轻母","轻巡","驱逐","航巡","防驱","潜艇","炮潜"
        ],
        "action": "DoNothing",
        "post_wait_freezes": 1000,
        "next": [
            "演习刷新次数",
            "演习刷新"
        ]
    },
    "演习刷新次数": {
        "recognition": "TemplateMatch",
        "template": "演习次数.png",
        "threshold": 0.9,
        "action": "DoNothing",
        "post_wait_freezes": 1000,
        "next": [
            "演习关闭"
        ]
    },
    "演习刷新": {
        "recognition": "TemplateMatch",
        "template": "演习刷新.png",
        "action": "Click",
        "post_wait_freezes": 1000,
        "next": [
            "演习识别舰船",
            "演习开始挑战"
        ]
    },
    "演习开始挑战": {
        "recognition": "TemplateMatch",
        "template": "演习开始挑战.png",
        "roi": [991,499,194,59],
        "action": "Click",
        "post_wait_freezes": 1000,
        "next": [
            "演习编队",
            "演习自动补给",
            "演习开始出征"
        ]
    },
    "演习自动补给": {
        "recognition": "TemplateMatch",
        "template": "对号.png",
        "inverse": true,
        "post_wait_freezes": 1000,
        "action": "Click",
        "target": [56,661,21,22],
        "next": [
            "演习开始出征"
        ]
    },
    "演习编队": {
        "recognition": "TemplateMatch",
        "template": "队.png",
        "post_wait_freezes": 1000,
        "order": "Score",
        "threshold": 0.95,
        "action": "Click",
        "next": [
            "演习自动补给",
            "演习开始出征"
        ]
    },
    "演习开始出征": {
        "recognition": "TemplateMatch",
        "template": "开始出征.png",
        "action": "Click",
        "post_wait_freezes": 2000,
        "next": [
            "演习开始战斗",
            "演习阵型"
        ]
    },
    "演习开始战斗": {
        "recognition": "TemplateMatch",
        "template": "开始战斗.png",
        "action": "Click",
        "post_wait_freezes": 0,
        "next": [
            "演习阵型"
        ]
    },
    "演习阵型": {
        "recognition": "OCR",
        "expected": [
            "复纵阵"
        ],
        "roi": [702,99,560,612],
        "action": "Click",
        "timeout": 90000,
        "post_wait_freezes": 0,
        "next": [
            "演习追击",
            "演习点击继续"
        ]
    },
    "演习追击": {
        "recognition": "TemplateMatch",
        "template": "追击.png",
        "action": "Click",
        "post_wait_freezes": 5000,
        "timeout": 90000,
        "next": [
            "演习点击继续"
        ]
    },
    "演习点击继续": {
        "recognition": "TemplateMatch",
        "template": "点击继续.png",
        "action": "Click",
        "target": [1208,140,24,482],
        "post_wait_freezes": 1000,
        "next": [
            "演习再点继续"
        ]
    },
    "演习再点继续": {
        "action": "Click",
        "target": [1208,140,24,482],
        "next": [
            "演习结束",
            "演习再点继续"
        ]
    },
    "演习结束": {
        "recognition": "TemplateMatch",
        "template": "出征1.png",
        "action": "DoNothing",
        "post_wait_freezes": 1000,
        "next": [
            "演习向下滑"
        ]
    },
    "演习关闭": {
        "recognition": "TemplateMatch",
        "template": "关闭演习.png",
        "action": "Click",
        "post_wait_freezes": 1000,
        "next": [
            "演习刷新失败1",
            "演习向上滑"
        ],
        "focus": true,
        "focus_tip": "放弃本次演习（共一次）",
        "focus_tip_color": "Red"
    },
    "演习刷新失败1": {
        "recognition": "TemplateMatch",
        "template": "演习挑战.png",
        "action": "Click",
        "order_by": "Vertical",
        "roi": [986,71,202,600],
        "index": 1,
        "post_wait_freezes": 1000,
        "next": [
            "演习识别舰船1",
            "演习开始挑战1"
        ]
    },
    "演习识别舰船1": {
        "recognition": "OCR",
        "roi": [365,412,790,28],
        "expected": [
            "轻母","轻巡","驱逐","航巡","防驱","潜艇","炮潜"
        ],
        "action": "DoNothing",
        "post_wait_freezes": 1000,
        "next": [
            "演习关闭1"
        ]
    },
    "演习关闭1": {
        "recognition": "TemplateMatch",
        "template": "关闭演习.png",
        "action": "Click",
        "post_wait_freezes": 1000,
        "next": [
            "演习刷新失败2",
            "演习向上滑"
        ],
        "focus": true,
        "focus_tip": "放弃本次演习（共两次）",
        "focus_tip_color": "Red"
    },
    "演习刷新失败2": {
        "recognition": "TemplateMatch",
        "template": "演习挑战.png",
        "action": "Click",
        "order_by": "Vertical",
        "roi": [986,71,202,600],
        "index": 2,
        "post_wait_freezes": 1000,
        "next": [
            "演习识别舰船2",
            "演习开始挑战2"
        ]
    },
    "演习识别舰船2": {
        "recognition": "OCR",
        "roi": [365,412,790,28],
        "expected": [
            "轻母","轻巡","驱逐","航巡","防驱","潜艇","炮潜"
        ],
        "action": "DoNothing",
        "post_wait_freezes": 1000,
        "next": [
            "演习关闭2"
        ]
    },
    "演习关闭2": {
        "recognition": "TemplateMatch",
        "template": "关闭演习.png",
        "action": "Click",
        "post_wait_freezes": 1000,
        "next": [
            "演习刷新失败3",
            "演习向上滑"
        ],
        "focus": true,
        "focus_tip": "放弃本次演习（共三次）",
        "focus_tip_color": "Red"
    },
    "演习刷新失败3": {
        "recognition": "TemplateMatch",
        "template": "演习挑战.png",
        "action": "Click",
        "order_by": "Vertical",
        "roi": [986,71,202,600],
        "index": 3,
        "post_wait_freezes": 1000,
        "next": [
            "演习识别舰船3",
            "演习开始挑战3"
        ]
    },
    "演习识别舰船3": {
        "recognition": "OCR",
        "roi": [365,412,790,28],
        "expected": [
            "轻母","轻巡","驱逐","航巡","防驱","潜艇","炮潜"
        ],
        "action": "DoNothing",
        "post_wait_freezes": 1000,
        "next": [
            "演习关闭3"
        ]
    },
    "演习关闭3": {
        "recognition": "TemplateMatch",
        "template": "关闭演习.png",
        "action": "Click",
        "post_wait_freezes": 1000,
        "next": [
            "演习向上滑"
        ],
        "focus": true,
        "focus_tip": "放弃本次演习（共四次）",
        "focus_tip_color": "Red"
    },
    "演习开始挑战1": {
        "recognition": "TemplateMatch",
        "template": "演习开始挑战.png",
        "roi": [991,499,194,59],
        "action": "Click",
        "post_wait_freezes": 1000,
        "next": [
            "演习编队1",
            "演习自动补给1",
            "演习开始出征1"
        ]
    },
    "演习自动补给1": {
        "recognition": "TemplateMatch",
        "template": "对号.png",
        "inverse": true,
        "post_wait_freezes": 1000,
        "action": "Click",
        "target": [56,661,21,22],
        "next": [
            "演习开始出征1"
        ]
    },
    "演习编队1": {
        "recognition": "TemplateMatch",
        "template": "队.png",
        "post_wait_freezes": 1000,
        "order": "Score",
        "threshold": 0.95,
        "action": "Click",
        "next": [
            "演习自动补给1",
            "演习开始出征1"
        ]
    },
    "演习开始出征1": {
        "recognition": "TemplateMatch",
        "template": "开始出征.png",
        "action": "Click",
        "post_wait_freezes": 2000,
        "next": [
            "演习开始战斗1",
            "演习阵型1"
        ]
    },
    "演习开始战斗1": {
        "recognition": "TemplateMatch",
        "template": "开始战斗.png",
        "action": "Click",
        "post_wait_freezes": 0,
        "next": [
            "演习阵型1"
        ]
    },
    "演习阵型1": {
        "recognition": "OCR",
        "expected": [
            "复纵阵"
        ],
        "roi": [702,99,560,612],
        "action": "Click",
        "timeout": 90000,
        "post_wait_freezes": 0,
        "next": [
            "演习追击1",
            "演习点击继续1"
        ]
    },
    "演习追击1": {
        "recognition": "TemplateMatch",
        "template": "追击.png",
        "action": "Click",
        "post_wait_freezes": 5000,
        "timeout": 90000,
        "next": [
            "演习点击继续1"
        ]
    },
    "演习点击继续1": {
        "recognition": "TemplateMatch",
        "template": "点击继续.png",
        "action": "Click",
        "target": [1208,140,24,482],
        "post_wait_freezes": 1000,
        "next": [
            "演习再点继续1"
        ]
    },
    "演习再点继续1": {
        "action": "Click",
        "target": [1208,140,24,482],
        "next": [
            "演习结束1",
            "演习再点继续1"
        ]
    },
    "演习结束1": {
        "recognition": "TemplateMatch",
        "template": "出征1.png",
        "action": "DoNothing",
        "post_wait_freezes": 1000,
        "next": [
            "演习向下滑1"
        ]
    },
    "演习向下滑1": {
        "action": "Swipe",
        "begin": [1220,500,1,1],
        "end": [1220,200,1,1],
        "next": [
            "演习刷新失败1",
            "演习向上滑"
        ]
    },
    "演习开始挑战2": {
        "recognition": "TemplateMatch",
        "template": "演习开始挑战.png",
        "roi": [991,499,194,59],
        "action": "Click",
        "post_wait_freezes": 1000,
        "next": [
            "演习编队2",
            "演习自动补给2",
            "演习开始出征2"
        ]
    },
    "演习自动补给2": {
        "recognition": "TemplateMatch",
        "template": "对号.png",
        "inverse": true,
        "post_wait_freezes": 1000,
        "action": "Click",
        "target": [56,661,21,22],
        "next": [
            "演习开始出征2"
        ]
    },
    "演习编队2": {
        "recognition": "TemplateMatch",
        "template": "队.png",
        "post_wait_freezes": 1000,
        "order": "Score",
        "threshold": 0.95,
        "action": "Click",
        "next": [
            "演习自动补给2",
            "演习开始出征2"
        ]
    },
    "演习开始出征2": {
        "recognition": "TemplateMatch",
        "template": "开始出征.png",
        "action": "Click",
        "post_wait_freezes": 2000,
        "next": [
            "演习开始战斗2",
            "演习阵型2"
        ]
    },
    "演习开始战斗2": {
        "recognition": "TemplateMatch",
        "template": "开始战斗.png",
        "action": "Click",
        "post_wait_freezes": 0,
        "next": [
            "演习阵型2"
        ]
    },
    "演习阵型2": {
        "recognition": "OCR",
        "expected": [
            "复纵阵"
        ],
        "roi": [702,99,560,612],
        "action": "Click",
        "timeout": 90000,
        "post_wait_freezes": 0,
        "next": [
            "演习追击2",
            "演习点击继续2"
        ]
    },
    "演习追击2": {
        "recognition": "TemplateMatch",
        "template": "追击.png",
        "action": "Click",
        "post_wait_freezes": 5000,
        "timeout": 90000,
        "next": [
            "演习点击继续2"
        ]
    },
    "演习点击继续2": {
        "recognition": "TemplateMatch",
        "template": "点击继续.png",
        "action": "Click",
        "target": [1208,140,24,482],
        "post_wait_freezes": 1000,
        "next": [
            "演习再点继续2"
        ]
    },
    "演习再点继续2": {
        "action": "Click",
        "target": [1208,140,24,482],
        "next": [
            "演习结束2",
            "演习再点继续2"
        ]
    },
    "演习结束2": {
        "recognition": "TemplateMatch",
        "template": "出征1.png",
        "action": "DoNothing",
        "post_wait_freezes": 1000,
        "next": [
            "演习向下滑2"
        ]
    },
    "演习向下滑2": {
        "action": "Swipe",
        "begin": [1220,500,1,1],
        "end": [1220,200,1,1],
        "next": [
            "演习刷新失败2",
            "演习向上滑"
        ]
    },
    "演习开始挑战3": {
        "recognition": "TemplateMatch",
        "template": "演习开始挑战.png",
        "roi": [991,499,194,59],
        "action": "Click",
        "post_wait_freezes": 1000,
        "next": [
            "演习编队3",
            "演习自动补给3",
            "演习开始出征3"
        ]
    },
    "演习自动补给3": {
        "recognition": "TemplateMatch",
        "template": "对号.png",
        "inverse": true,
        "post_wait_freezes": 1000,
        "action": "Click",
        "target": [56,661,21,22],
        "next": [
            "演习开始出征3"
        ]
    },
    "演习编队3": {
        "recognition": "TemplateMatch",
        "template": "队.png",
        "post_wait_freezes": 1000,
        "order": "Score",
        "threshold": 0.95,
        "action": "Click",
        "next": [
            "演习自动补给3",
            "演习开始出征3"
        ]
    },
    "演习开始出征3": {
        "recognition": "TemplateMatch",
        "template": "开始出征.png",
        "action": "Click",
        "post_wait_freezes": 2000,
        "next": [
            "演习开始战斗3",
            "演习阵型3"
        ]
    },
    "演习开始战斗3": {
        "recognition": "TemplateMatch",
        "template": "开始战斗.png",
        "action": "Click",
        "post_wait_freezes": 0,
        "next": [
            "演习阵型3"
        ]
    },
    "演习阵型3": {
        "recognition": "OCR",
        "expected": [
            "复纵阵"
        ],
        "roi": [702,99,560,612],
        "action": "Click",
        "timeout": 90000,
        "post_wait_freezes": 0,
        "next": [
            "演习追击3",
            "演习点击继续3"
        ]
    },
    "演习追击3": {
        "recognition": "TemplateMatch",
        "template": "追击.png",
        "action": "Click",
        "post_wait_freezes": 5000,
        "timeout": 90000,
        "next": [
            "演习点击继续3"
        ]
    },
    "演习点击继续3": {
        "recognition": "TemplateMatch",
        "template": "点击继续.png",
        "action": "Click",
        "target": [1208,140,24,482],
        "post_wait_freezes": 1000,
        "next": [
            "演习再点继续3"
        ]
    },
    "演习再点继续3": {
        "action": "Click",
        "target": [1208,140,24,482],
        "next": [
            "演习结束3",
            "演习再点继续3"
        ]
    },
    "演习结束3": {
        "recognition": "TemplateMatch",
        "template": "出征1.png",
        "action": "DoNothing",
        "post_wait_freezes": 1000,
        "next": [
            "演习向下滑3"
        ]
    },
    "演习向下滑3": {
        "action": "Swipe",
        "begin": [1220,500,1,1],
        "end": [1220,200,1,1],
        "next": [
            "演习刷新失败3",
            "演习向上滑"
        ]
    },
    "演习挑战2": {
        "recognition": "TemplateMatch",
        "template": "演习挑战.png",
        "action": "Click",
        "order_by": "Vertical",
        "roi": [982,93,194,109],
        "index": 0,
        "post_wait_freezes": 1000,
        "next": [
            "演习开始挑战4"
        ]
    },
    "演习开始挑战4": {
        "recognition": "TemplateMatch",
        "template": "演习开始挑战.png",
        "roi": [991,499,194,59],
        "action": "Click",
        "post_wait_freezes": 1000,
        "next": [
            "演习编队4",
            "演习自动补给4",
            "演习开始出征4"
        ]
    },
    "演习自动补给4": {
        "recognition": "TemplateMatch",
        "template": "对号.png",
        "inverse": true,
        "post_wait_freezes": 1000,
        "action": "Click",
        "target": [56,661,21,22],
        "next": [
            "演习开始出征4"
        ]
    },
    "演习编队4": {
        "recognition": "TemplateMatch",
        "template": "队.png",
        "post_wait_freezes": 1000,
        "order": "Score",
        "threshold": 0.95,
        "action": "Click",
        "next": [
            "演习自动补给4",
            "演习开始出征4"
        ]
    },
    "演习开始出征4": {
        "recognition": "TemplateMatch",
        "template": "开始出征.png",
        "action": "Click",
        "post_wait_freezes": 2000,
        "next": [
            "演习开始战斗4",
            "演习阵型4"
        ]
    },
    "演习开始战斗4": {
        "recognition": "TemplateMatch",
        "template": "开始战斗.png",
        "action": "Click",
        "post_wait_freezes": 0,
        "next": [
            "演习阵型4"
        ]
    },
    "演习阵型4": {
        "recognition": "OCR",
        "expected": [
            "复纵阵"
        ],
        "roi": [702,99,560,612],
        "action": "Click",
        "timeout": 90000,
        "post_wait_freezes": 0,
        "next": [
            "演习追击4",
            "演习点击继续4"
        ]
    },
    "演习追击4": {
        "recognition": "TemplateMatch",
        "template": "追击.png",
        "action": "Click",
        "post_wait_freezes": 5000,
        "timeout": 90000,
        "next": [
            "演习点击继续4"
        ]
    },
    "演习点击继续4": {
        "recognition": "TemplateMatch",
        "template": "点击继续.png",
        "action": "Click",
        "target": [1208,140,24,482],
        "post_wait_freezes": 1000,
        "next": [
            "演习再点继续4"
        ]
    },
    "演习再点继续4": {
        "action": "Click",
        "target": [1208,140,24,482],
        "next": [
            "演习结束4",
            "演习再点继续4"
        ]
    },
    "演习结束4": {
        "recognition": "TemplateMatch",
        "template": "出征1.png",
        "action": "DoNothing",
        "post_wait_freezes": 1000,
        "next": [
            "演习退出"
        ]
    },
    "退出演习": {
        "recognition": "TemplateMatch",
        "template": "退出.png",
        "action": "Click",
        "green_mask": true,
        "next": [
            "开始自动演习"
        ]
    },
    "结束演习": {
        "action": "DoNothing"
    }
}