{
    "自动修船": {
        "recognition": "TemplateMatch",
        "template": "修理舰船.png",
        "action": "Click",
        "post_wait_freezes": 0,
        "next": [
            "选择修理舰船"
        ]
    },
    "选择修理舰船": {
        "recognition": "TemplateMatch",
        "template": "选择舰船.png",
        "action": "Click",
        "next": [
            "快速修理",
            "大破检测",
            "中破检测",
            "退出修理"
        ]
    },
    "快速修理": {
        "recognition": "TemplateMatch",
        "template": "快速修理.png",
        "action": "Click",
        "target": [591, 114, 42, 15],
        "next": [
            "大破检测",
            "中破检测",
            "退出修理"
        ]
    },
    "大破检测": {
        "recognition": "ColorMatch",
        "roi": [53,518,1168,14],
        "lower": [225,86,32],
        "upper": [229,106,57],
        "action": "Click",
        "next": [
            "大破检测",
            "中破检测",
            "退出修理",
            "退出浴场"
        ]
    },
    "中破检测": {
        "recognition": "ColorMatch",
        "roi": [53,518,1168,14],
        "lower": [233,172,25],
        "upper": [237,182,52],
        "action": "Click",
        "next": [
            "大破检测",
            "中破检测",
            "退出修理",
            "退出浴场"
        ]
    },
    "退出修理": {
        "recognition": "TemplateMatch",
        "template": "退出修理.png",
        "action": "Click",
        "post_wait_freezes": 0,
        "next": [
            "退出浴场"
        ]
    },
    "退出浴场": {
        "recognition": "TemplateMatch",
        "template": "退出浴场.png",
        "post_wait_freezes": 0,
        "action": "Click"
    },
    "自动入浴": {
        "recognition": "TemplateMatch",
        "template": "修理舰船.png",
        "action": "Click",
        "post_wait_freezes": 0,
        "next": [
            "选择入浴舰船"
        ]
    },
    "选择入浴舰船": {
        "recognition": "TemplateMatch",
        "template": "选择舰船.png",
        "action": "Click",
        "post_wait_freezes": 0,
        "next": [
            "全部入浴"
        ]
    },
    "全部入浴": {
        "recognition": "TemplateMatch",
        "template": "全部入浴.png",
        "action": "Click",
        "post_wait_freezes": 0,
        "next": [
            "退出修理",
            "退出浴场"
        ]
    }
}